Datum,Fälle_gesamt,Fälle_Zuwachs,Tote_v1,Tote_v1_Zuwachs,Tote_v2,Tote_v2_Zuwachs,Genesene,Genesene_Zuwachs,Hospitalisiert,Intensivstation,IBett_frei,IBett_Kapazität,Testungen,Testungen_Zuwachs,Burgenland,Burgenland_Tote,Burgenland_Genesene,Burgenland_Spital,Burgenland_Intensiv,Burgenland_Tests,Kärnten,Kärnten_Tote,Kärnten_Genesene,Kärnten_Spital,Kärnten_Intensiv,Kärnten_Tests,Niederösterreich,Niederösterreich_Tote,Niederösterreich_Genesene,Niederösterreich_Spital,Niederösterreich_Intensiv,Niederösterreich_Tests,Oberösterreich,Oberösterreich_Tote,Oberösterreich_Genesene,Oberösterreich_Spital,Oberösterreich_Intensiv,Oberösterreich_Tests,Salzburg,Salzburg_Tote,Salzburg_Genesene,Salzburg_Spital,Salzburg_Intensiv,Salzburg_Tests,Steiermark,Steiermark_Tote,Steiermark_Genesene,Steiermark_Spital,Steiermark_Intensiv,Steiermark_Tests,Tirol,Tirol_Tote,Tirol_Genesene,Tirol_Spital,Tirol_Intensiv,Tirol_Tests,Vorarlberg,Vorarlberg_Tote,Vorarlberg_Genesene,Vorarlberg_Spital,Vorarlberg_Intensiv,Vorarlberg_Tests,Wien,Wien_Tote,Wien_Genesene,Wien_Spital,Wien_Intensiv,Wien_Tests
2020-09-13,33018,406,756,2,735,2,26760,181,226,44,678,722,1342066,10573,593,11,495,7,2,38506,700,13,639,3,0,66712,4771,109,4047,20,9,227948,5245,68,4709,18,2,176734,1837,40,1618,5,1,62066,2832,157,2345,18,3,128006,4882,108,4357,10,1,206161,1382,20,1088,8,2,72314,10776,230,7462,137,24,363619
2020-09-12,32612,942,754,4,733,1,26579,322,209,42,675,717,1331493,14674,586,11,488,2,0,38382,688,13,636,3,1,66573,4698,109,4010,18,8,226050,5193,68,4681,18,2,176037,1822,39,1611,8,1,61825,2802,157,2338,14,3,127311,4832,108,4316,10,1,205200,1371,20,1089,8,2,70929,10620,229,7410,128,24,359186
2020-09-11,31670,569,750,2,732,3,26257,214,204,41,668,709,1316819,13789,579,11,478,1,0,37632,682,13,634,3,1,66365,4569,109,3980,17,8,224473,5116,67,4651,18,2,175081,1793,39,1610,6,0,61531,2750,157,2315,11,3,125933,4726,108,4295,10,1,203760,1296,20,1087,7,2,69661,10159,226,7207,131,24,352383
2020-09-10,31101,728,748,1,729,0,26043,279,205,39,684,723,1303030,14971,569,11,474,1,0,37283,675,13,632,2,1,64833,4498,109,3958,16,8,222233,5060,67,4624,22,3,174053,1778,39,1592,6,0,61152,2704,157,2292,11,3,124575,4661,108,4254,13,1,202371,1254,20,1080,5,1,68695,9902,224,7137,129,22,347835
2020-09-09,30373,494,747,0,729,0,25764,135,197,36,684,720,1288059,11582,557,11,464,3,0,36314,670,13,632,1,1,64523,4401,109,3918,19,7,219532,5010,67,4592,23,4,172863,1760,39,1583,4,0,60612,2673,157,2273,8,1,123225,4567,108,4216,13,1,201209,1224,20,1079,8,1,67858,9511,223,7007,118,21,341923
2020-09-08,29879,570,747,1,729,1,25629,329,170,28,689,717,1276477,10254,548,11,460,0,0,36085,668,13,630,1,0,64205,4348,109,3864,17,5,217933,4937,67,4569,27,4,171517,1752,39,1586,3,0,60336,2661,157,2257,9,1,121440,4503,108,4188,11,0,200020,1204,20,1068,2,1,67375,9258,223,7007,100,17,337566
2020-09-07,29309,254,746,10,728,1,25300,257,163,29,689,718,1266223,10398,535,11,458,0,0,35857,662,13,625,2,1,63604,4298,109,3832,14,5,215919,4910,67,4519,31,3,170371,1742,39,1545,2,0,59964,2652,157,2187,9,1,120178,4451,108,4150,14,0,199037,1177,20,1064,3,1,67146,8882,222,6920,88,18,334147
2020-09-06,29055,177,736,1,727,0,25043,215,143,28,691,719,1255825,8018,529,11,458,0,0,35715,658,13,618,2,1,63550,4240,109,3791,13,5,214267,4877,67,4484,23,3,165818,1740,39,1525,2,0,59810,2626,157,2187,10,0,119549,4421,108,4097,7,0,198472,1159,20,1059,3,1,66892,8805,212,6824,83,18,331752
2020-09-05,28878,381,735,0,727,0,24828,315,157,28,658,686,1247807,11318,527,11,457,0,0,35399,656,13,613,2,1,63468,4205,109,3772,15,5,212444,4850,67,4438,23,3,165173,1720,39,1524,7,0,59559,2606,157,2181,10,0,119253,4405,108,4067,7,0,197737,1150,20,1051,3,1,65537,8759,211,6725,90,18,329237
2020-09-04,28497,303,735,0,727,0,24513,342,156,28,658,686,1236489,11232,525,11,453,0,0,34892,654,13,610,3,1,63277,4172,109,3746,17,5,210189,4799,67,4370,23,3,164126,1710,39,1494,7,0,59296,2593,157,2164,9,0,118165,4373,108,4047,7,0,196412,1129,20,1045,3,1,64677,8542,211,6584,87,18,325455
2020-09-03,28194,422,735,1,727,0,24171,351,161,29,719,748,1225257,14689,516,11,450,1,1,34034,653,13,609,3,1,64242,4144,109,3712,19,7,208128,4764,67,4331,25,3,163161,1707,39,1485,7,0,59119,2561,157,2139,8,0,116635,4328,108,3994,7,0,194970,1115,20,1039,3,1,63739,8406,211,6412,88,16,321229
2020-09-02,27772,360,734,0,727,0,23820,255,157,30,728,758,1210568,17441,512,11,445,1,1,33297,650,13,604,3,1,60984,4082,108,3653,22,8,206661,4735,67,4300,21,3,162015,1700,39,1472,7,0,58440,2533,157,2120,7,0,115205,4278,108,3977,7,0,193666,1109,20,1024,5,1,63006,8173,211,6225,84,16,317294
2020-09-01,27412,189,734,1,727,1,23565,339,149,30,735,765,1193127,12416,510,11,440,1,1,30639,647,13,598,3,2,56537,4037,108,3609,24,9,204453,4702,67,4262,22,4,160821,1693,39,1472,7,0,58326,2506,157,2111,7,0,114069,4232,108,3925,7,0,192764,1102,20,1005,4,0,62645,7983,211,6143,74,14,312873
2020-08-31,27223,285,733,0,726,0,23226,156,154,31,741,772,1180711,8619,498,11,432,1,1,29861,645,13,592,3,2,56152,4016,108,3581,24,10,202393,4687,67,4228,23,3,159914,1682,39,1470,7,0,57884,2496,157,2068,5,0,112433,4200,108,3858,9,2,191779,1091,20,1000,3,0,62050,7908,210,5997,79,13,308245
2020-08-30,26938,169,733,0,726,0,23070,204,140,30,741,771,1172092,11349,490,11,432,1,1,29786,643,13,588,2,0,56081,3984,108,3561,23,10,200882,4665,67,4181,24,4,159206,1681,39,1461,7,0,57732,2473,157,2068,6,0,111765,4187,108,3852,10,2,190909,1080,20,1000,3,0,61671,7735,210,5927,64,13,304060
2020-08-29,26769,387,733,0,726,0,22866,272,144,30,736,766,1160743,12799,483,11,430,1,1,29625,643,13,584,2,0,55939,3944,108,3548,23,10,199311,4646,67,4134,24,4,156779,1668,39,1440,6,1,57313,2453,157,2062,6,0,111274,4161,108,3832,10,2,190091,1080,20,995,3,0,61048,7691,210,5841,69,12,299363
2020-08-28,26382,246,733,0,726,0,22594,277,146,27,728,755,1147944,14701,482,11,425,1,1,29391,639,13,581,2,0,55676,3909,108,3525,23,8,197676,4593,67,4061,24,4,155704,1655,39,1423,7,1,57008,2443,157,2058,6,0,110217,4106,108,3821,10,2,188688,1077,20,990,2,0,59467,7478,210,5710,71,11,294117
2020-08-27,26136,299,733,0,726,1,22317,172,145,24,730,754,1133243,14044,481,11,422,1,1,29194,633,13,572,3,0,53515,3878,108,3497,22,5,195539,4537,67,4031,24,4,154389,1648,39,1396,7,1,56731,2393,157,2028,8,0,108816,4081,108,3783,10,2,187731,1071,20,990,2,0,58809,7414,210,5598,68,11,288519
2020-08-26,25837,242,733,0,725,0,22145,257,141,23,752,775,1119199,9110,475,11,420,0,0,28633,628,13,564,3,0,52915,3850,108,3467,17,4,193829,4477,67,3993,23,4,152788,1639,39,1391,6,1,56168,2361,157,2015,8,0,106458,4058,108,3758,10,3,186620,1062,20,980,2,0,58229,7287,210,5557,72,11,283559
2020-08-25,25595,257,733,0,725,0,21888,231,137,23,757,780,1110089,8883,474,11,420,1,0,28436,623,13,554,3,0,52915,3829,108,3447,18,3,192181,4428,67,3949,21,4,151613,1628,39,1374,6,1,55981,2350,157,1988,5,1,105070,4041,108,3719,11,3,185521,1060,20,971,1,0,57690,7162,210,5466,71,11,280682
2020-08-24,25338,237,733,1,725,0,21657,99,135,23,779,802,1101206,6219,466,11,418,1,0,28246,620,13,523,3,1,52598,3806,108,3422,17,2,190724,4393,67,3895,21,6,150779,1616,39,1372,6,1,55573,2337,157,1976,5,1,103978,4017,108,3685,13,2,184445,1055,20,971,2,0,57350,7028,210,5395,67,10,277513
2020-08-23,25101,213,732,0,725,0,21558,152,116,23,728,751,1094987,7832,463,11,417,1,0,28161,615,13,521,2,1,52505,3774,108,3400,16,3,189445,4364,67,3862,19,4,150123,1616,39,1372,6,1,55391,2310,156,1976,5,1,103091,3971,108,3680,9,2,183554,1051,20,970,2,0,57078,6937,210,5360,56,11,275639
2020-08-22,24888,277,732,2,725,1,21406,146,116,22,734,756,1087155,11746,456,11,414,1,0,27975,610,13,505,2,1,52304,3753,108,3385,18,3,188189,4337,67,3834,19,4,149396,1599,39,1369,7,1,55088,2295,156,1973,7,1,101776,3957,108,3675,9,2,182402,1047,20,966,2,0,55761,6834,210,5285,51,10,274264
2020-08-21,24611,302,730,1,724,1,21260,167,112,22,727,749,1075409,13972,452,11,412,1,0,27338,604,13,495,2,1,51507,3727,108,3352,16,2,186613,4303,67,3804,19,4,148044,1579,39,1361,6,1,54636,2268,156,1968,8,2,99761,3936,108,3651,9,2,181229,1046,20,959,2,0,54690,6696,208,5258,49,10,271591
2020-08-20,24309,358,729,0,723,2,21093,135,116,21,729,750,1061437,13221,448,11,412,1,0,26688,598,13,494,2,1,49448,3700,108,3339,19,2,185069,4243,67,3767,17,4,146606,1581,39,1355,4,0,54143,2260,156,1953,8,2,97384,3898,108,3640,11,2,179776,1041,20,959,2,0,53611,6540,207,5174,52,10,268712
2020-08-19,23951,235,729,0,721,2,20958,88,120,20,750,770,1048216,10328,443,11,411,0,0,26211,592,13,480,1,0,48932,3681,108,3331,21,5,183596,4177,67,3751,22,4,144342,1562,39,1347,3,0,52399,2243,156,1953,10,2,95789,3893,108,3620,10,1,178622,1022,20,958,2,0,52962,6338,207,5107,51,8,265363
2020-08-18,23716,248,729,0,719,0,20870,105,116,19,786,805,1037888,13821,442,11,410,0,0,25621,586,13,475,2,0,48428,3652,108,3304,23,3,182207,4106,67,3734,21,4,142632,1530,39,1345,4,0,52399,2229,156,1952,8,3,93757,3884,108,3612,9,1,177526,1020,20,955,2,0,52825,6267,207,5083,47,8,262493
2020-08-17,23468,171,729,1,719,2,20765,84,114,23,766,789,1024067,5577,441,11,410,0,0,25260,582,13,470,2,0,48043,3629,108,3288,26,4,180482,4064,67,3714,21,5,140263,1530,39,1341,4,0,52082,2213,156,1939,8,3,90327,3866,108,3608,9,1,176111,1015,20,955,1,0,52273,6128,207,5040,43,10,259226
2020-08-16,23297,193,728,0,717,0,20681,54,84,19,752,771,1018490,9136,439,11,410,0,0,25202,573,13,468,2,0,47873,3616,108,3286,18,4,179145,4035,67,3694,18,5,139752,1525,39,1339,2,0,51827,2194,155,1939,8,3,89645,3858,108,3608,6,0,175195,1009,20,948,1,0,51891,6048,207,4989,29,7,257960
2020-08-15,23104,336,728,3,717,3,20627,128,104,21,748,769,1009354,5922,438,11,408,0,0,25055,565,13,463,2,0,47714,3577,108,3282,18,4,177789,4011,67,3676,18,5,139400,1518,39,1337,4,0,51715,2191,155,1939,9,3,89433,3808,108,3604,6,0,173799,1008,20,946,1,0,51079,5988,207,4972,46,9,253370
2020-08-14,22768,222,725,0,714,0,20499,153,110,19,742,761,1003432,11924,435,11,407,1,0,24590,532,13,458,3,0,47321,3555,108,3274,19,3,176256,3961,67,3652,18,5,138419,1501,39,1333,4,0,51575,2180,155,1934,10,3,89066,3777,108,3601,6,0,172650,1002,19,946,2,0,50185,5825,205,4894,47,8,253370
2020-08-13,22546,176,725,1,714,2,20346,78,114,22,746,768,991508,8490,433,11,401,1,0,24446,510,13,455,3,0,45427,3539,108,3256,21,3,174574,3914,67,3634,16,5,133497,1491,39,1331,3,0,51374,2167,155,1911,10,5,88320,3756,108,3596,7,0,171150,989,19,946,2,0,49350,5747,205,4816,51,9,253370
2020-08-12,22370,174,724,1,712,0,20268,145,118,25,737,762,983018,8510,430,11,397,1,0,23905,503,13,452,3,0,45082,3517,108,3242,22,4,172842,3893,67,3609,18,6,132687,1477,39,1328,3,0,50992,2154,155,1907,12,5,87405,3736,108,3595,6,0,170044,983,19,943,2,0,48899,5677,204,4795,51,10,251162
2020-08-11,22196,150,723,0,712,1,20123,113,119,25,782,807,974508,8750,429,11,397,2,0,23699,501,13,448,3,0,44636,3497,108,3218,21,3,171181,3864,67,3609,18,7,131654,1461,38,1316,4,0,50625,2140,155,1901,14,5,86433,3716,108,3578,6,0,169080,981,19,942,1,0,48798,5607,204,4714,50,10,248402
2020-08-10,22046,69,723,2,711,0,20010,87,116,24,811,835,965758,3890,428,11,396,2,0,22160,494,13,445,2,0,44344,3483,108,3195,21,5,169632,3838,67,3590,23,5,130632,1459,38,1305,4,0,50305,2134,155,1895,13,5,85490,3706,108,3564,6,0,168332,978,19,942,1,0,48463,5526,204,4678,44,9,246400
2020-08-09,21977,100,721,0,711,2,19923,111,121,22,790,812,961868,6629,428,11,393,2,0,22088,494,13,444,3,0,44194,3474,107,3183,18,4,168323,3828,66,3553,27,5,130335,1457,38,1302,8,0,50114,2131,155,1895,14,4,85363,3703,108,3563,3,0,168206,970,19,939,1,0,47789,5492,204,4651,45,9,245456
2020-08-08,21877,110,721,1,709,1,19812,122,120,24,766,790,955239,7934,426,11,386,1,0,21980,490,13,443,2,0,44062,3467,107,3172,18,3,166733,3821,66,3529,27,5,129690,1437,38,1300,8,0,49928,2127,155,1892,13,6,85127,3702,108,3562,3,0,166324,970,19,937,1,0,47307,5437,204,4591,47,10,244088
2020-08-07,21767,126,720,1,708,2,19690,94,118,25,741,766,947305,10030,424,11,386,1,0,21705,485,13,443,1,0,43737,3457,107,3142,20,3,165202,3796,65,3497,27,5,128774,1433,38,1299,7,0,49691,2121,155,1886,11,5,84540,3700,108,3558,3,0,164779,967,19,930,1,0,46759,5384,204,4549,47,12,242118
2020-08-06,21641,148,719,0,706,5,19596,132,117,25,747,772,937275,13373,423,11,385,1,0,21276,482,13,442,0,0,41686,3447,107,3126,17,3,163516,3777,65,3461,29,6,127386,1424,37,1296,8,0,49363,2115,155,1880,11,5,83891,3696,108,3556,5,0,163930,964,19,928,1,0,46027,5313,204,4522,45,11,240200
2020-08-05,21493,77,719,0,701,1,19464,128,115,25,718,743,923902,7124,421,11,379,2,0,20832,473,13,441,0,0,41384,3435,107,3102,14,3,161899,3752,65,3445,26,6,126151,1422,37,1282,8,0,48929,2113,155,1877,12,5,83066,3692,108,3554,4,0,163087,960,19,925,1,0,45583,5225,204,4459,48,11,232971
2020-08-04,21416,105,719,1,700,1,19336,273,107,23,799,822,916778,6341,421,11,377,0,0,20737,471,13,437,0,0,41012,3424,107,3087,14,3,160298,3728,65,3416,26,5,125264,1412,37,1265,8,0,48135,2104,155,1860,11,5,82485,3691,108,3547,4,0,162039,959,19,922,1,0,45312,5206,204,4425,43,10,231496
2020-08-03,21311,71,718,0,699,1,19063,79,113,21,794,815,910437,5123,418,11,375,0,0,20594,467,13,436,0,0,40737,3408,107,3053,12,3,158772,3703,64,3235,26,1,124140,1409,37,1265,8,0,48135,2106,155,1852,12,5,82113,3690,108,3541,4,0,161127,959,19,913,2,0,45070,5151,204,4393,49,12,229749
2020-08-02,21240,69,718,0,698,0,18984,73,73,20,742,762,905314,7495,418,11,375,0,0,20556,465,13,436,0,0,40642,3399,107,3040,9,3,157710,3697,64,3211,22,3,123680,1405,37,1262,7,0,48002,2104,155,1852,7,3,81978,3681,108,3540,4,0,159552,958,19,913,2,0,44822,5113,204,4355,42,9,228422
2020-08-01,21171,100,718,0,698,0,18911,153,89,19,752,771,897819,7358,418,11,375,1,0,20405,461,13,436,0,0,40467,3387,107,3025,10,3,156404,3684,64,3191,22,3,123029,1401,37,1259,6,1,47823,2100,155,1848,7,3,81606,3676,108,3538,4,0,156954,957,19,906,2,0,43834,5087,204,4333,37,9,227297
2020-07-31,21071,183,718,0,698,0,18758,130,100,16,737,753,890461,10425,417,11,373,2,1,20307,459,13,435,0,0,40213,3369,107,3004,10,4,154937,3667,64,3151,22,3,121855,1401,37,1251,6,1,47528,2092,155,1829,7,0,81079,3691,108,3531,4,0,155954,954,19,903,3,0,43078,5021,204,4281,46,7,225510
2020-07-30,20888,103,718,2,698,2,18628,100,105,18,716,734,880036,9434,414,11,366,3,0,20114,457,13,434,0,0,38523,3351,107,2989,12,4,153254,3621,64,3123,23,3,120416,1383,37,1245,7,1,47098,2088,155,1821,7,0,80488,3688,108,3524,3,1,154224,954,19,902,3,0,42285,4932,204,4224,47,9,223634
2020-07-29,20785,153,716,3,696,8,18528,149,94,20,746,766,870602,9396,407,11,368,1,1,19997,456,13,431,0,0,38234,3338,106,2981,13,4,151529,3590,63,3089,21,4,118488,1371,37,1235,7,1,46753,2081,155,1810,6,0,79847,3679,108,3519,2,1,152814,948,19,902,3,0,41787,4915,204,4193,41,9,221153
2020-07-28,20632,122,713,0,688,0,18379,133,89,15,759,774,861206,8037,403,11,363,0,0,19918,456,13,431,0,0,37748,3328,105,2971,12,4,149905,3561,61,3032,21,3,117030,1369,37,1232,7,1,46321,2070,155,1791,6,1,78947,3655,108,3510,2,0,151045,947,19,902,3,0,41482,4843,204,4147,38,6,218810
2020-07-27,20510,96,713,1,688,0,18246,37,95,16,785,801,853169,5271,401,11,363,0,0,19852,453,13,430,0,0,37373,3308,105,2937,12,4,148592,3529,61,2988,25,3,115229,1368,37,1229,7,1,45919,2061,155,1786,4,1,78499,3653,108,3503,2,0,149689,940,19,901,4,1,41326,4797,204,4109,41,6,216690
2020-07-26,20414,113,712,1,688,1,18209,85,98,15,785,800,847898,7008,397,11,362,0,0,19815,454,13,430,0,0,37364,3288,105,2936,11,4,147253,3499,61,2978,28,2,114297,1367,37,1226,7,1,45607,2050,154,1786,7,2,78346,3646,108,3500,2,0,148567,940,19,901,4,1,41217,4773,204,4090,38,5,215432
2020-07-25,20301,140,711,0,687,1,18124,82,101,16,748,764,840890,7049,394,11,360,0,0,19707,452,13,430,0,0,37285,3267,105,2935,13,4,145957,3476,61,2949,28,2,113240,1356,37,1224,6,1,45503,2048,154,1777,8,3,78173,3638,108,3497,2,0,147075,930,19,900,4,1,39235,4740,203,4052,40,5,214715
2020-07-24,20161,123,711,0,686,0,18042,99,103,17,747,764,833841,7810,393,11,360,0,0,19624,452,13,425,2,0,36994,3250,105,2930,14,4,144361,3433,61,2905,28,2,112100,1350,37,1222,6,1,45191,2042,154,1775,7,2,77781,3634,108,3490,2,0,146017,927,19,900,4,1,38944,4680,203,4035,40,7,212829
2020-07-23,20038,170,711,0,686,0,17943,94,102,15,753,768,826031,11350,391,11,359,1,0,19508,452,13,424,2,0,35951,3236,105,2924,14,4,142839,3393,61,2864,29,2,110797,1344,37,1219,6,1,44861,2025,154,1767,5,1,77293,3630,108,3486,1,0,144886,928,19,899,3,1,38635,4639,203,4001,41,6,211261
2020-07-22,19868,127,711,1,686,1,17849,133,111,18,753,771,814681,9081,389,11,358,0,0,19410,452,13,423,2,0,35544,3219,105,2909,17,5,141159,3344,61,2824,30,2,109445,1339,37,1217,7,1,44385,2013,154,1764,6,1,76777,3624,108,3485,1,0,143530,919,19,899,2,1,38482,4569,203,3970,46,8,205949
2020-07-21,19741,99,710,-1,685,0,17716,57,114,18,785,803,805600,7164,389,11,356,0,0,19316,452,13,421,1,0,35068,3204,105,2904,18,5,139417,3292,61,2763,34,3,107834,1329,37,1213,7,1,43947,1999,154,1738,4,1,76205,3618,108,3481,1,0,142426,919,19,899,2,1,38436,4539,202,3941,47,7,202951
2020-07-20,19642,90,711,0,685,0,17659,60,112,16,785,801,798436,49767,385,11,355,0,0,19235,448,13,420,1,0,34446,3195,105,2899,18,5,137720,3269,61,2710,40,2,106520,1326,38,1241,7,1,43520,1989,154,1738,2,1,75828,3609,108,3477,1,0,141811,919,19,898,1,0,38148,4502,202,3921,42,7,201208
2020-07-19,19552,68,711,0,685,0,17599,98,99,14,775,789,748669,5579,380,11,355,0,0,19195,448,13,418,1,0,34397,3186,105,2893,18,4,136543,3235,61,2681,30,1,105661,1323,38,1241,5,1,43377,1983,154,1738,4,1,75696,3608,108,3476,1,0,96014,918,19,897,1,0,37568,4471,202,3900,39,7,200218
2020-07-18,19484,132,711,0,685,0,17501,166,98,11,759,770,743090,8677,379,11,355,0,0,19092,448,13,416,1,0,34139,3175,105,2892,17,4,134884,3215,61,2652,30,1,104668,1318,38,1239,4,0,43108,1978,154,1717,5,1,75367,3608,108,3476,1,0,95669,918,19,897,1,0,37165,4445,202,3857,39,5,198998
2020-07-17,19352,178,711,0,685,0,17335,91,99,11,729,740,734413,8068,376,11,352,1,0,19010,446,13,415,1,0,33511,3160,105,2888,13,3,132685,3166,61,2559,30,1,103243,1306,38,1238,3,0,42849,1973,154,1715,5,1,74702,3608,108,3467,2,0,95159,919,19,897,1,0,36484,4398,202,3804,43,6,196770
2020-07-16,19174,114,711,1,685,1,17244,69,94,11,715,726,726345,10052,375,11,347,1,0,18906,446,13,415,1,0,33066,3120,105,2884,11,3,131566,3110,61,2522,27,1,101372,1304,38,1234,4,0,42348,1961,154,1711,5,1,73856,3599,108,3466,2,0,94415,917,19,897,1,0,36045,4342,202,3768,42,6,194771
2020-07-15,19060,184,710,1,684,1,17175,102,96,10,744,754,716293,8165,375,11,347,1,0,18750,445,13,415,1,0,32582,3092,105,2881,11,3,130566,3070,61,2487,29,1,99648,1302,38,1234,4,0,42141,1952,154,1708,4,1,73164,3597,108,3462,2,0,93834,915,19,896,1,0,33349,4312,201,3745,43,5,192259
2020-07-14,18876,27,709,1,683,1,17073,73,83,9,744,753,708128,7512,371,11,343,1,0,18589,444,13,413,1,0,32150,3067,105,2877,12,3,129302,3035,61,2439,28,1,98071,1290,38,1229,3,0,41821,1932,154,1698,4,1,72312,3591,108,3457,2,0,92897,915,19,896,1,0,33051,4231,200,3721,31,4,189935
2020-07-13,18849,54,708,0,682,1,17000,48,82,8,703,711,700616,3876,369,11,340,2,0,18514,444,13,413,1,0,31555,3067,104,2874,13,3,127866,3020,61,2415,28,0,97257,1289,38,1222,3,0,41494,1929,154,1698,3,1,71731,3590,108,3449,3,0,92289,915,19,895,1,0,32908,4226,200,3694,28,4,187002
2020-07-12,18795,101,708,2,681,0,16952,88,83,10,716,726,696740,5031,369,11,339,2,0,18445,444,13,413,0,0,31472,3064,104,2872,14,3,126405,2994,61,2385,26,1,96271,1289,38,1219,2,0,41376,1926,154,1698,3,1,71594,3588,108,3449,2,0,91980,913,19,895,1,0,32195,4208,200,3682,33,5,187002
2020-07-11,18694,80,706,0,681,0,16864,56,77,9,691,700,691709,8225,368,11,338,2,0,18315,443,13,413,0,0,31067,3061,104,2866,12,3,125019,2947,61,2345,26,1,95154,1286,38,1217,4,0,41142,1925,154,1698,2,1,71324,3583,108,3449,2,0,91513,913,19,895,1,0,32195,4168,198,3643,28,4,185980
2020-07-10,18614,97,706,0,681,0,16808,50,80,9,693,702,683484,7757,368,11,338,3,0,18191,438,13,412,1,0,30759,3056,104,2855,12,3,123611,2906,61,2326,26,1,93251,1281,38,1218,4,0,40513,1921,154,1690,3,1,70837,3579,108,3449,2,0,90882,913,19,895,1,0,31983,4152,198,3625,28,4,183457
2020-07-09,18517,99,706,0,681,0,16758,37,78,12,671,683,675727,7507,365,11,338,2,0,17961,436,13,410,1,0,30442,3047,104,2844,11,3,122194,2860,61,2317,23,0,91305,1280,38,1219,2,0,40283,1922,154,1689,3,1,70212,3576,108,3448,2,0,90236,913,19,893,1,0,31456,4118,198,3600,33,8,181638
2020-07-08,18418,91,706,0,681,0,16721,35,77,11,696,707,668220,8071,363,11,338,2,0,17797,435,13,408,1,0,30017,3041,104,2835,14,3,120739,2818,61,2306,23,0,89336,1272,38,1216,2,0,40087,1914,154,1688,3,1,69267,3573,108,3448,2,0,89575,912,19,891,1,0,31345,4090,198,3591,29,7,180057
2020-07-07,18327,57,706,0,681,0,16686,39,91,10,727,737,660149,6044,362,11,337,2,0,17535,434,13,407,2,0,29631,3035,104,2831,13,2,119295,2783,61,2295,19,0,87381,1264,38,1213,2,0,39881,1904,154,1688,2,1,68290,3569,108,3448,2,0,88866,912,19,891,0,0,31142,4064,198,3576,49,7,178128
2020-07-06,18270,74,706,0,681,0,16647,32,78,11,735,746,654105,6301,361,11,337,2,0,17432,433,13,404,2,0,29257,3031,104,2826,15,2,117939,2762,61,2287,23,1,86352,1262,38,1212,2,0,39596,1901,154,1688,2,1,68021,3567,108,3447,2,0,88265,911,19,891,0,0,30776,4042,198,3555,30,7,176467
2020-07-05,18196,123,706,1,681,1,16615,8,72,10,705,715,647804,5125,361,11,337,2,0,17376,433,13,404,2,0,29002,3024,104,2819,13,2,116784,2717,61,2285,19,0,83855,1262,38,1211,2,0,39455,1901,154,1688,2,1,67612,3566,108,3447,2,0,87843,911,19,891,0,0,30624,4021,198,3533,30,7,175253
2020-07-04,18073,114,705,0,680,0,16607,49,68,8,694,702,642679,7174,361,11,336,2,0,17090,431,13,404,1,0,28859,3022,104,2818,13,2,115376,2650,61,2282,19,0,83855,1259,38,1211,4,0,39269,1894,153,1685,2,1,67132,3563,108,3447,2,0,87428,911,19,891,0,0,29720,3982,198,3533,25,5,173950
2020-07-03,17959,103,705,0,680,0,16558,44,72,7,698,705,635505,6805,357,11,336,1,0,16946,430,13,402,1,0,28463,3016,104,2813,13,2,113704,2614,61,2276,19,0,82481,1256,38,1205,5,0,39115,1886,153,1685,1,1,66577,3564,108,3447,2,0,86836,910,19,892,0,0,29720,3926,198,3502,30,4,171663
2020-07-02,17856,78,705,0,680,0,16514,23,69,7,716,723,628700,7834,353,11,333,1,0,16858,430,13,402,1,0,28024,3011,104,2812,14,1,112305,2564,61,2274,16,0,81225,1255,38,1203,5,0,38868,1875,153,1685,1,1,65928,3557,108,3447,2,0,86243,910,19,891,0,0,29490,3901,198,3467,29,5,169759
2020-07-01,17778,113,705,0,680,4,16491,13,74,9,746,755,620866,8110,353,11,333,0,0,16810,429,13,402,1,0,27628,3011,104,2811,14,1,110816,2521,61,2272,13,0,79792,1255,38,1201,5,0,38576,1875,153,1681,2,1,65280,3557,108,3445,2,0,85674,910,19,891,0,0,29248,3867,198,3455,37,7,167042
2020-06-30,17665,40,705,2,676,2,16478,58,64,6,772,778,612756,6381,351,11,333,0,0,16710,429,13,402,1,0,26714,3004,104,2809,13,1,109467,2461,61,2271,13,0,78894,1252,38,1201,0,0,38214,1866,153,1681,1,1,64736,3550,108,3444,2,0,85049,910,19,891,0,0,29003,3842,198,3446,34,4,163969
2020-06-29,17625,63,703,1,674,0,16420,19,74,8,767,775,606375,3855,351,11,332,1,0,16660,429,13,402,1,0,26315,3001,103,2797,12,1,107831,2456,61,2270,15,0,78199,1251,38,1200,4,0,37854,1865,153,1680,1,1,64306,3548,108,3444,4,1,84745,910,19,891,0,0,28819,3814,197,3404,36,5,161646
2020-06-28,17562,64,702,2,674,0,16401,30,71,9,728,737,602520,5025,350,11,332,0,0,16490,429,13,402,1,0,26164,2993,102,2795,14,1,106548,2416,61,2270,10,0,77672,1249,38,1201,4,0,37757,1862,153,1680,1,1,64084,3548,108,3444,4,1,84612,910,19,891,0,0,28723,3805,197,3386,37,6,160470
2020-06-27,17498,64,700,2,674,2,16371,23,71,10,726,736,597495,7053,348,11,332,0,0,16441,429,13,402,1,0,25956,2983,102,2794,15,2,105134,2398,61,2269,10,0,77276,1246,38,1201,4,0,37607,1862,153,1677,1,1,63610,3547,108,3444,4,1,84343,910,19,891,0,0,28316,3775,195,3361,36,6,158812
2020-06-26,17434,48,698,0,672,3,16348,28,70,10,698,708,590442,6199,349,11,332,0,0,15802,429,13,402,1,0,25613,2976,102,2789,11,3,103444,2374,61,2264,10,0,76606,1246,38,1201,4,0,37427,1857,152,1676,2,1,63229,3546,108,3444,3,0,83840,908,19,890,0,0,28055,3749,194,3350,39,6,156426
2020-06-25,17386,35,698,5,669,3,16320,38,71,11,732,743,584243,5659,349,11,332,0,0,16247,426,13,402,2,0,25219,2971,102,2783,11,3,101888,2366,61,2263,11,1,75768,1247,38,1201,3,0,37203,1854,152,1676,4,1,62734,3545,108,3444,2,0,83278,908,19,889,0,0,27569,3720,194,3330,38,6,154337
2020-06-24,17351,37,693,0,666,-1,16282,21,70,11,770,781,578584,6111,348,11,331,0,0,16156,425,13,402,2,0,24731,2962,101,2778,8,4,101104,2360,61,2256,7,0,75108,1244,38,1201,3,0,36907,1853,151,1673,5,1,62016,3544,108,3444,2,0,82716,907,19,889,0,0,27356,3708,191,3308,43,6,152490
2020-06-23,17314,29,693,3,667,3,16261,20,68,11,834,845,572473,6673,346,11,331,0,0,16090,422,13,402,1,0,24315,2956,101,2777,11,4,99930,2349,61,2254,5,0,74322,1242,38,1201,3,0,36560,1851,151,1673,4,1,61539,3543,108,3444,2,0,82314,907,19,889,0,0,27200,3698,191,3290,42,6,150203
2020-06-22,17285,38,690,0,664,0,16241,44,69,10,810,820,565800,5216,346,11,330,0,0,15970,422,13,402,1,0,23941,2955,100,2769,9,3,98881,2346,61,2250,7,0,73889,1241,38,1201,3,0,36186,1851,151,1672,4,1,61098,3543,108,3443,2,0,82000,907,19,889,0,0,27049,3674,189,3285,43,6,146786
2020-06-21,17247,20,690,2,664,2,16197,22,69,8,792,800,560584,2376,346,11,329,2,0,15378,422,13,402,1,0,22596,2947,100,2767,10,2,97526,2342,61,2250,7,0,73567,1239,38,1202,3,0,36000,1850,151,1672,5,1,60808,3542,108,3443,2,0,81827,907,19,889,0,0,26899,3652,189,3243,39,5,145983
2020-06-20,17227,52,688,0,662,0,16175,34,74,8,750,758,558208,6078,346,11,329,2,0,15742,419,13,402,1,0,23379,2940,100,2765,12,2,96193,2338,61,2249,7,0,73281,1235,38,1202,2,0,35796,1849,151,1672,5,1,60467,3542,108,3443,1,0,81625,907,19,889,0,0,26709,3651,187,3224,44,5,145016
2020-06-19,17175,48,688,0,662,0,16141,40,75,7,750,757,552130,6203,344,11,329,0,0,15668,418,13,402,0,0,23094,2937,100,2761,11,1,94919,2335,61,2240,7,0,72865,1230,38,1202,0,0,35638,1845,151,1661,5,1,60149,3541,108,3442,1,0,81105,907,19,888,0,0,26173,3618,187,3216,51,5,142519
2020-06-18,17127,21,688,1,662,3,16101,2,72,8,751,759,545927,5312,344,11,330,0,0,15565,419,13,402,0,0,22722,2929,100,2756,9,1,93840,2332,61,2238,7,0,72333,1226,38,1202,0,0,35408,1845,151,1661,4,1,59714,3541,108,3441,2,1,80682,907,19,882,0,0,26173,3584,187,3189,50,5,139490
2020-06-17,17106,8,687,6,659,3,16099,10,71,11,806,817,540615,7915,343,11,329,0,0,15512,419,13,402,0,0,22357,2926,100,2754,7,1,92627,2331,61,2235,8,1,71671,1225,38,1201,1,0,35253,1843,151,1688,4,3,59126,3542,108,3440,2,1,80367,907,19,882,0,0,25903,3570,186,3168,49,5,137799
2020-06-16,17098,59,681,3,656,3,16089,23,78,12,833,845,532700,5030,343,11,329,0,0,15331,419,13,401,0,0,21973,2924,100,2753,9,1,91352,2330,61,2235,9,1,71051,1223,38,1201,1,0,34971,1843,150,1690,3,2,58507,3542,108,3440,3,2,79914,907,19,882,0,0,25704,3567,181,3158,53,6,133897
2020-06-15,17039,25,678,1,653,2,16066,7,79,15,833,848,527670,2830,343,11,329,0,0,14968,419,13,401,0,0,21395,2914,100,2750,11,2,90321,2330,61,2234,10,2,70615,1223,38,1201,1,0,34884,1840,150,1689,2,2,58116,3541,108,3438,2,1,79665,907,19,881,0,0,25504,3522,178,3143,53,8,132202
2020-06-14,17014,20,677,0,651,1,16059,47,69,12,839,851,524840,3864,343,11,329,0,0,14896,415,13,401,0,0,21279,2911,100,2750,10,2,89200,2330,61,2233,5,1,70287,1223,38,1201,1,0,34818,1841,150,1690,1,1,57989,3540,108,3438,2,1,79515,907,19,881,0,0,25504,3504,177,3136,50,7,131352
2020-06-13,16994,31,677,2,650,0,16012,27,73,11,857,868,520976,4395,343,11,329,0,0,14640,415,13,401,0,0,21035,2905,100,2750,14,2,88187,2330,61,2232,5,1,70099,1223,38,1201,1,0,34743,1841,150,1690,1,1,57817,3540,108,3437,2,1,78881,907,19,881,0,0,25263,3490,177,3091,50,6,130311
2020-06-12,16963,27,675,1,650,3,15985,36,69,9,748,757,516581,4080,343,11,332,0,0,14574,415,13,401,0,0,20774,2900,100,2746,12,0,86793,2328,61,2232,5,1,69690,1223,38,1201,1,0,34560,1841,150,1688,3,1,57505,3540,108,3437,2,1,78563,907,19,880,0,0,24983,3466,175,3068,46,6,129139
2020-06-11,16936,34,674,1,647,1,15949,39,76,13,731,744,512501,6157,343,11,332,0,0,14564,415,13,401,0,0,20509,2892,100,2742,13,2,85688,2327,61,2232,5,1,69374,1223,38,1201,1,0,34481,1841,150,1686,2,1,57184,3540,108,3436,2,1,78316,907,19,878,0,0,24506,3448,174,3041,53,8,127879
2020-06-10,16902,13,673,1,646,0,15910,35,80,17,748,765,506344,5423,342,11,332,0,0,14538,415,13,401,0,0,20221,2891,100,2725,12,4,84197,2319,61,2231,5,1,68713,1222,38,1200,1,1,34160,1844,150,1686,2,1,56717,3540,108,3436,2,1,77920,907,19,876,0,0,24189,3422,173,3002,58,9,125689
2020-06-09,16889,21,672,0,646,1,15875,36,84,19,823,842,500921,6160,342,11,331,0,0,14403,416,13,400,0,0,19818,2889,100,2717,15,5,82507,2314,61,2231,6,1,68184,1221,38,1200,0,0,34657,1843,149,1683,2,1,56170,3539,108,3436,3,2,77437,905,19,876,0,0,24081,3420,173,3001,58,10,123664
2020-06-08,16868,46,672,0,645,0,15839,46,82,17,807,824,494761,5164,342,11,329,2,0,14353,416,13,399,0,0,19455,2884,100,2707,14,6,80732,2313,61,2230,5,0,67670,1221,38,1200,0,0,34398,1845,149,1678,2,1,55475,3540,108,3434,2,1,77142,905,19,876,0,0,23712,3402,173,2986,57,9,121824
2020-06-07,16822,18,672,0,645,0,15793,4,69,17,799,816,489597,3685,342,11,329,2,0,14291,416,13,398,0,0,19241,2881,100,2707,14,5,79508,2312,61,2229,2,0,67337,1221,38,1200,0,0,34379,1845,149,1670,2,1,55347,3540,108,3433,2,1,76978,904,19,876,0,0,23634,3361,173,2951,47,10,118882
2020-06-06,16804,60,672,0,645,0,15789,47,72,17,796,813,485912,6463,342,11,329,2,0,14167,416,13,398,0,0,19066,2880,100,2706,16,5,77996,2310,61,2228,2,0,66859,1220,38,1200,0,0,34297,1845,149,1669,3,1,54995,3539,108,3432,2,1,76524,904,19,876,0,0,23126,3348,173,2951,47,10,118882
2020-06-05,16744,39,672,2,645,3,15742,25,75,20,780,800,479449,7983,342,11,329,2,0,14101,416,13,398,0,0,18555,2873,100,2699,18,6,76964,2304,61,2226,2,0,66117,1220,38,1199,0,0,34111,1842,149,1667,3,1,54110,3539,108,3430,5,2,76246,901,19,867,0,0,22739,3307,173,2927,45,11,116506
2020-06-04,16705,31,670,0,642,1,15717,45,87,22,769,791,471466,8508,342,11,328,2,0,13995,416,13,398,0,0,18212,2868,100,2695,18,6,74761,2301,61,2225,4,0,65176,1220,38,1198,0,0,33840,1840,148,1661,5,1,53370,3537,108,3426,5,2,75312,901,19,869,0,0,22248,3280,172,2917,53,13,114552
2020-06-03,16674,11,670,1,641,1,15672,43,87,21,839,860,462958,6580,342,11,328,2,0,13232,416,13,398,0,0,17836,2867,100,2687,19,6,73642,2297,61,2221,3,0,64275,1220,38,1197,0,0,33675,1837,148,1655,7,2,52371,3535,108,3425,7,2,74409,900,19,867,0,0,21931,3260,172,2894,49,11,111587
2020-06-02,16663,21,669,1,640,2,15629,33,88,26,833,859,456378,4558,342,11,327,2,0,13089,415,13,398,0,0,17395,2866,100,2678,20,9,72439,2297,61,2215,3,0,63575,1220,38,1197,0,0,33485,1837,147,1647,7,2,51705,3538,108,3421,7,3,73959,899,19,867,0,0,21789,3249,172,2879,49,12,108942
2020-06-01,16642,4,668,0,638,0,15596,3,97,29,834,863,451820,3286,342,11,326,2,0,13028,414,13,398,0,0,17204,2866,100,2673,21,10,71433,2296,60,2215,7,0,63303,1220,38,1197,0,0,33355,1836,147,1646,7,2,51330,3537,108,3420,7,3,73515,898,19,866,0,0,21789,3233,172,2855,53,14,106863
2020-05-31,16638,44,668,0,638,0,15593,73,97,27,823,850,448534,6391,342,11,325,2,0,12953,414,13,398,0,0,17104,2867,100,2673,22,10,69621,2295,60,2215,7,0,62819,1220,38,1196,0,0,33275,1836,147,1645,6,0,50817,3537,108,3420,7,3,73319,898,19,866,0,0,21763,3229,172,2855,53,14,106863
2020-05-30,16594,30,668,0,638,0,15520,173,98,23,823,846,442143,7841,341,11,325,2,0,13058,414,13,398,0,0,16935,2867,100,2667,25,10,68149,2294,60,2214,7,0,62343,1220,38,1196,0,0,33149,1836,147,1642,6,0,50347,3537,108,3419,12,3,72770,898,19,866,0,0,21298,3187,172,2793,46,10,104094
2020-05-29,16564,23,668,0,638,0,15347,61,103,25,844,869,434302,6930,341,11,325,2,0,12875,414,13,398,0,0,16663,2862,100,2654,26,11,66422,2294,60,2212,7,0,61552,1220,38,1193,3,0,32933,1835,147,1638,7,1,49559,3537,108,3416,12,3,72349,898,19,866,0,0,20871,3163,172,2645,46,10,101078
2020-05-28,16541,31,668,23,638,0,15286,58,107,30,2386,2416,427372,8666,340,11,324,2,0,12623,414,13,398,0,0,16295,2862,100,2647,26,13,64267,2292,60,2212,7,0,60447,1220,38,1192,2,0,32726,1835,147,1628,8,1,48843,3537,108,3412,10,4,71706,898,19,866,0,0,20477,3143,172,2607,52,12,99988
2020-05-27,16510,34,645,2,638,20,15228,46,116,32,875,907,418706,7521,340,11,321,2,0,12236,413,13,398,0,0,15924,2856,100,2633,28,13,62155,2292,60,2209,7,0,59169,1221,38,1192,2,0,32333,1835,147,1626,7,1,47783,3536,108,3405,11,4,70667,898,19,863,0,0,20095,3119,149,2581,59,14,98344
2020-05-26,16476,18,643,2,618,10,15182,44,127,32,883,915,411185,5844,341,11,320,2,0,11571,411,13,397,0,0,15717,2847,100,2621,32,13,60525,2290,60,2207,7,1,57949,1221,38,1193,2,0,32097,1835,147,1613,6,1,46945,3535,108,3404,12,4,70096,898,19,863,0,0,19854,3098,147,2564,66,13,96431
2020-05-25,16458,29,641,1,608,1,15138,75,139,31,920,951,405341,3484,340,11,320,2,0,11416,411,13,396,0,0,15255,2846,100,2604,32,11,58868,2290,60,2204,9,1,57222,1221,38,1193,2,0,31932,1835,145,1605,7,1,46349,3536,108,3399,13,4,69519,896,19,864,0,0,19543,3083,147,2553,74,14,95237
2020-05-24,16429,27,640,1,607,1,15063,28,137,29,905,934,401857,5494,338,11,318,2,0,11300,411,13,395,0,0,15198,2835,100,2596,31,11,57841,2289,60,2203,9,0,56693,1220,38,1192,4,0,31854,1833,145,1602,7,1,45985,3536,108,3398,13,4,69231,896,19,864,0,0,19543,3071,146,2495,71,13,94212
2020-05-23,16402,44,639,4,606,1,15035,30,144,28,899,927,396363,5875,338,11,318,1,0,11134,411,13,395,0,0,15144,2831,100,2583,35,11,56075,2289,60,2202,11,0,56186,1220,38,1192,4,0,31748,1833,144,1599,10,2,45449,3535,108,3396,12,3,68790,896,19,862,0,0,18917,3049,146,2488,71,12,92920
2020-05-22,16358,38,635,2,605,4,15005,54,159,31,877,908,390488,4881,337,11,318,1,0,10959,411,13,393,1,0,15022,2813,100,2574,38,12,53663,2287,60,2199,12,0,55839,1220,38,1191,4,0,31536,1834,143,1592,10,2,44859,3534,107,3396,12,3,68390,895,19,862,1,0,18917,3027,144,2480,80,14,91303
2020-05-21,16320,45,633,0,601,1,14951,69,188,32,869,901,385607,6015,336,11,317,3,0,10958,411,13,393,1,0,14910,2800,99,2562,42,13,52614,2286,60,2197,14,0,54982,1220,38,1189,5,0,31329,1832,142,1589,9,2,44061,3534,107,3395,14,4,67834,894,19,862,1,0,18691,3007,144,2447,99,13,90228
2020-05-20,16275,44,633,1,600,1,14882,204,174,37,881,918,379592,7157,338,11,316,1,0,10882,411,13,393,1,0,14763,2793,99,2557,41,14,51582,2289,60,2200,15,0,54237,1220,38,1183,7,1,31196,1828,142,1574,12,2,42955,3532,107,3393,15,6,67391,894,19,861,1,0,18390,2970,144,2405,81,14,88196
2020-05-19,16231,52,632,3,599,2,14678,64,182,39,880,919,372435,6562,338,11,316,2,0,10431,411,13,392,1,0,14410,2798,99,2529,45,14,50494,2282,60,2199,12,1,52924,1218,37,1183,8,1,30881,1825,142,1563,14,4,42090,3530,107,3385,18,5,66854,887,19,859,1,0,18104,2942,144,2252,81,14,86247
2020-05-18,16179,28,629,0,597,1,14614,51,196,45,913,958,365873,3364,337,11,312,3,0,10384,411,13,390,1,0,14011,2788,98,2516,49,15,49590,2275,60,2187,12,2,52091,1216,37,1183,10,1,30480,1822,140,1550,14,4,41389,3529,107,3383,18,6,66285,887,19,856,0,0,17898,2914,144,2237,89,17,83745
2020-05-17,16151,18,629,0,596,1,14563,39,197,48,850,898,362509,5116,336,11,311,4,0,10046,411,13,390,1,0,13941,2782,98,2512,49,15,48584,2275,60,2187,16,4,51753,1216,37,1183,8,1,30428,1822,140,1543,14,4,41015,3528,107,3382,17,7,65989,885,19,856,0,0,17809,2896,144,2199,88,17,82944
2020-05-16,16133,103,629,1,595,0,14524,53,208,50,966,1016,357393,6042,335,11,308,3,0,9599,411,13,390,1,0,13890,2774,98,2510,53,17,47426,2275,60,2189,17,1,51139,1216,37,1179,11,2,29989,1819,140,1531,16,4,40431,3528,107,3373,20,9,65619,884,19,856,0,0,17398,2891,144,2188,87,17,81902
2020-05-15,16030,50,628,2,595,2,14471,66,212,47,966,1013,351351,6745,334,11,302,4,0,9635,411,13,390,2,0,13750,2739,97,2503,58,18,46257,2270,60,2185,14,1,50523,1217,37,1179,12,2,29600,1815,140,1510,17,4,39387,3526,107,3370,21,8,64844,883,19,856,0,0,17136,2835,144,2176,84,14,80219
2020-05-14,15980,59,626,2,593,1,14405,101,234,54,976,1030,344606,8354,334,11,300,3,0,9482,410,13,389,2,0,13509,2721,97,2487,62,20,44954,2269,59,2177,14,1,49589,1217,37,1175,15,2,28942,1814,139,1504,21,4,38488,3523,107,3360,21,9,64061,882,19,856,0,0,16748,2810,144,2157,96,18,78833
2020-05-13,15921,44,624,1,592,1,14304,156,243,55,979,1034,336252,6938,331,11,297,4,0,9162,411,13,388,2,0,13172,2717,95,2467,65,21,43776,2268,59,2177,20,2,48661,1216,37,1171,15,2,28272,1814,139,1482,19,5,37421,3518,107,3349,22,9,62847,882,19,847,0,0,16463,2764,144,2126,96,16,76478
2020-05-12,15877,85,623,3,591,3,14148,87,264,59,1017,1076,329314,9830,332,11,290,0,0,8817,411,13,388,1,0,12836,2704,95,2433,67,21,42771,2267,58,2170,20,3,47935,1215,37,1165,29,2,27658,1810,139,1449,22,4,36535,3518,107,3329,26,12,61255,879,19,843,2,1,16146,2741,144,2081,97,16,75361
2020-05-11,15792,15,620,2,588,5,14061,70,279,68,1052,1120,319484,2976,330,11,283,3,0,8477,411,13,389,1,0,12496,2691,95,2418,69,23,41724,2269,58,2169,19,4,47268,1212,37,1162,30,3,27325,1810,136,1423,24,4,36089,3518,107,3317,29,13,59430,877,19,839,2,1,15886,2674,144,2061,102,20,70789
2020-05-10,15777,42,618,3,583,1,13991,63,291,72,1027,1099,316508,4818,331,11,282,6,0,8444,411,13,388,2,0,12414,2685,95,2414,68,24,40655,2268,58,2163,19,6,46687,1212,36,1162,28,2,26985,1810,136,1412,26,5,35795,3518,107,3317,33,15,58904,876,19,839,2,1,15886,2666,143,2014,107,19,70738
2020-05-09,15735,60,615,1,582,3,13928,92,309,79,1027,1106,311690,7621,330,11,279,6,0,8255,411,13,387,3,2,12208,2682,95,2405,72,25,39532,2266,58,2160,20,5,46097,1212,36,1155,25,3,26560,1794,135,1395,32,6,35200,3517,107,3310,39,18,58452,876,19,838,2,1,15160,2647,141,1999,110,19,70226
2020-05-08,15675,23,614,5,579,3,13836,138,339,81,999,1080,304069,6175,330,11,272,6,0,8145,411,13,386,3,2,11980,2669,95,2394,73,28,38048,2264,57,2151,28,4,45271,1213,36,1142,50,7,26080,1788,135,1380,38,6,34368,3516,107,3284,29,14,57044,875,19,835,3,2,14274,2609,141,1992,109,18,68859
2020-05-07,15652,63,609,1,576,-2,13698,59,360,92,1010,1102,297894,5640,330,11,269,4,1,8078,411,13,385,5,3,11647,2663,95,2370,76,28,37010,2263,57,2139,32,7,44417,1213,36,1140,58,7,25320,1785,134,1350,38,7,33702,3513,106,3275,30,17,56188,875,19,833,6,3,13794,2599,138,1937,111,19,67738
2020-05-06,15589,20,608,2,578,5,13639,177,418,97,1004,1101,292254,6371,329,11,264,5,1,7847,411,13,385,5,3,11483,2653,95,2369,84,29,35997,2259,57,2131,36,6,43698,1214,36,1132,59,7,24790,1778,134,1333,40,8,33003,3510,106,3271,37,19,55574,875,19,826,7,4,13324,2560,137,1928,145,20,66538
2020-05-05,15569,34,606,6,573,4,13462,146,418,104,1042,1146,285883,6812,329,11,261,6,1,7795,410,13,383,5,2,11029,2642,95,2310,86,33,34690,2259,57,2115,40,7,42706,1217,36,1119,53,7,25216,1774,134,1300,41,9,32158,3510,105,3244,43,21,54720,874,18,828,8,4,13156,2554,137,1902,136,20,64413
2020-05-04,15535,20,600,2,569,2,13316,88,420,111,1056,1167,279071,4716,327,11,261,3,1,7637,410,13,382,6,3,10837,2633,93,2270,86,35,33646,2258,56,2110,40,8,41843,1219,36,1116,60,7,24613,1767,133,1252,43,9,31579,3508,105,3217,49,25,53512,873,17,824,7,4,13040,2540,136,1884,126,19,62364
2020-05-03,15515,36,598,2,567,2,13228,48,422,114,1055,1169,274355,4736,327,10,258,4,1,7529,410,13,382,6,3,10519,2630,92,2255,85,34,32815,2256,57,2106,48,9,41188,1219,36,1115,51,7,24102,1766,133,1246,47,9,31215,3504,105,3215,50,25,53261,873,17,824,7,4,12783,2530,135,1827,124,22,60943
2020-05-02,15479,21,596,7,565,5,13180,70,428,114,1046,1160,269619,5540,326,10,256,8,2,7426,410,12,381,7,4,10302,2626,92,2238,90,35,32438,2256,56,2102,42,8,40747,1217,36,1115,52,7,23075,1764,133,1235,52,9,30866,3504,105,3207,48,24,52934,872,17,819,7,4,12374,2504,135,1827,122,21,59457
2020-05-01,15458,88,589,5,560,5,13110,203,472,124,1012,1136,264079,7680,325,10,255,8,2,6959,410,12,381,8,5,10152,2623,92,2221,99,37,31930,2255,56,2088,44,10,40001,1217,36,1120,69,7,22422,1761,130,1220,61,10,29979,3504,105,3197,52,27,52504,871,17,811,7,4,11719,2492,131,1817,124,22,58413
2020-04-30,15370,47,584,4,555,7,12907,128,502,128,1012,1140,256399,8645,323,10,250,9,2,6619,410,12,379,8,5,9904,2597,92,2164,104,36,31034,2253,55,2074,45,12,39188,1215,35,1090,73,9,21585,1758,129,1187,67,10,28844,3502,105,3160,60,28,51310,870,16,795,7,5,11165,2442,130,1808,129,21,56750
2020-04-29,15323,67,580,11,548,8,12779,199,517,131,1018,1149,247754,8176,321,10,246,8,2,5971,410,12,378,10,5,9648,2583,92,2141,104,36,29741,2251,55,2051,51,12,38144,1215,35,1081,73,10,20210,1755,126,1155,69,12,27813,3496,105,3151,62,28,50269,869,15,786,9,5,10811,2423,130,1790,131,21,55147
2020-04-28,15256,66,569,20,540,8,12580,218,561,136,1055,1191,239578,7041,321,10,242,11,3,5302,407,12,372,11,6,9471,2574,92,2101,110,35,28534,2250,53,2040,60,14,37146,1214,34,1078,75,10,19348,1747,123,1117,74,10,26908,3486,103,3070,72,32,49393,868,15,779,11,5,10362,2389,127,1781,137,21,53114
2020-04-27,15190,56,549,7,532,12,12362,80,579,140,1073,1213,232537,4906,317,9,236,13,2,4232,406,12,368,12,6,9119,2562,92,2042,113,37,27250,2246,53,2022,66,11,36230,1214,33,1071,74,11,18883,1736,121,1068,75,12,26126,3482,101,3024,74,33,48674,868,15,759,11,5,10219,2359,113,1772,141,23,51804
2020-04-26,15134,65,542,6,520,7,12282,179,594,145,1072,1217,227631,6542,316,9,234,11,2,4167,404,12,364,12,6,9036,2554,90,2026,120,39,25849,2240,52,2022,67,14,35501,1210,33,1057,79,11,18171,1722,121,1059,76,12,25666,3473,101,2997,75,32,48412,868,14,757,12,6,9856,2347,110,1766,142,23,50973
2020-04-25,15069,82,536,6,513,3,12103,231,608,148,1052,1200,221089,8403,315,8,235,12,2,4155,402,12,360,13,7,8947,2547,90,1950,114,37,24800,2238,51,2021,71,15,34849,1208,33,1041,83,12,17293,1705,120,1011,77,12,24949,3463,101,2982,77,34,48093,868,14,755,12,6,9396,2323,107,1748,149,23,48607
2020-04-24,14987,55,530,8,510,14,11872,178,651,156,1057,1213,212686,6851,314,8,230,14,2,3568,402,12,356,14,7,8755,2533,89,1890,127,40,22572,2230,48,2007,78,15,34014,1206,33,1008,90,12,16674,1697,119,973,88,13,23673,3446,101,2943,81,36,47235,869,14,749,14,6,8989,2290,106,1716,145,25,47206
2020-04-23,14932,92,522,12,496,33,11694,366,677,169,985,1154,205835,4041,313,9,226,17,4,3006,402,12,346,14,7,8528,2529,88,1841,131,43,21969,2219,48,1972,78,18,33100,1204,33,1008,92,14,15969,1686,115,952,99,16,22738,3441,98,2905,91,38,46349,868,14,745,16,6,8656,2270,105,1699,139,23,45520
2020-04-22,14840,50,510,19,463,26,11328,357,700,176,1075,1251,201794,12776,310,9,227,12,2,2660,402,12,331,14,7,8269,2500,87,1685,141,43,20980,2215,47,1944,79,20,31933,1206,33,951,105,13,15447,1670,110,904,95,14,21678,3437,95,2869,96,40,44902,863,13,740,18,7,8384,2237,104,1677,140,30,47541
2020-04-21,14790,77,491,21,437,29,10971,340,756,196,985,1181,189018,6069,309,8,210,17,4,2534,397,12,316,17,9,7914,2501,85,1623,151,42,20218,2211,44,1912,90,30,31046,1201,30,949,94,15,14944,1664,109,874,103,17,20792,3431,91,2698,111,44,43731,861,13,733,17,6,7959,2215,99,1656,156,29,39880
2020-04-20,14713,51,470,18,408,12,10631,130,805,194,957,1151,182949,3706,302,8,200,16,4,2386,394,10,307,15,9,7624,2479,83,1572,193,37,19588,2203,41,1884,90,27,30373,1200,30,930,92,17,14691,1653,106,816,108,17,20098,3425,86,2556,114,44,42813,858,10,731,18,7,7626,2199,96,1635,159,32,37750
2020-04-19,14662,67,452,9,396,16,10501,287,817,204,1037,1241,179243,3311,299,8,198,16,5,2357,394,10,302,15,9,7268,2470,82,1560,196,40,19112,2199,38,1847,95,29,29696,1195,29,929,88,16,14386,1646,101,809,117,18,19749,3418,85,2526,112,49,42019,857,9,715,19,7,7400,2184,90,1615,159,31,37256
2020-04-18,14595,111,443,12,380,9,10214,510,855,208,951,1159,175932,6660,295,7,181,17,5,2301,395,9,295,16,9,7156,2461,80,1560,207,41,18831,2194,37,1822,97,25,29190,1191,29,875,91,17,14085,1638,99,775,118,20,19036,3407,85,2486,125,51,40884,855,9,668,23,8,7193,2159,88,1552,161,32,37256
2020-04-17,14484,114,431,21,371,17,9704,718,909,227,968,1195,169272,6456,286,6,165,17,4,2020,384,8,269,23,10,6767,2446,73,1415,236,46,17410,2175,34,1714,109,31,27453,1189,27,790,88,15,13288,1624,93,661,141,21,16996,3394,80,2244,144,54,38388,853,7,654,29,11,6887,2133,82,1074,180,46,33607
2020-04-16,14370,124,410,17,354,16,8986,888,967,238,913,1151,162816,6015,280,6,165,17,4,2020,388,8,269,23,10,6767,2427,73,1415,236,46,17410,2171,34,1714,109,31,27453,1182,27,790,88,15,13288,1604,93,661,141,21,16996,3362,80,2244,144,54,38388,851,7,654,29,11,6887,2105,82,1074,180,46,33607
2020-04-15,14246,186,393,9,338,4,8098,465,1001,232,930,1162,156801,5005,274,6,148,20,4,1938,388,8,255,25,10,6549,2398,71,1315,235,42,16188,2150,32,1633,117,30,26579,1176,26,778,97,19,12837,1593,90,617,142,24,16225,3337,72,2134,164,55,37091,846,7,646,33,10,6734,2084,81,572,168,38,32660
2020-04-14,14060,118,384,16,334,3,7633,290,1002,243,982,1225,151796,3384,270,6,135,15,4,0,386,9,241,24,8,0,2354,67,1167,236,43,0,2134,32,1524,116,30,0,1174,26,762,101,20,0,1578,87,534,141,28,0,3302,72,2073,160,56,0,832,7,637,33,10,0,2030,78,560,176,44,0
2020-04-13,13942,132,368,18,331,17,7343,356,981,239,1019,1258,148412,3535,266,6,120,17,3,0,385,5,219,27,10,0,2324,62,1010,231,42,0,2122,30,1381,115,29,0,1169,24,704,89,21,0,1553,76,512,154,32,0,3281,66,1901,174,61,0,831,7,607,37,10,0,2011,74,533,191,35,0
2020-04-12,13810,249,350,13,314,10,6987,383,1035,243,862,1105,144877,3902,259,5,119,14,3,0,382,5,212,29,10,0,2284,60,951,236,42,0,2118,29,1316,116,29,0,1157,24,630,88,18,0,1524,73,488,149,33,0,3263,62,1790,179,63,0,826,7,582,38,11,0,1997,72,516,187,37,0
2020-04-11,13561,290,337,18,304,12,6604,540,1036,246,872,1118,140975,6232,255,4,112,12,4,0,373,5,193,30,12,0,2213,54,851,205,53,0,2109,29,1205,120,28,0,1154,23,524,93,19,0,1499,71,437,163,32,0,3176,59,1687,183,61,0,819,7,562,38,11,0,1963,67,493,188,41,0
2020-04-10,13271,302,319,24,292,11,6064,824,1032,261,982,1243,134743,8456,246,3,81,15,4,0,366,5,173,32,13,0,2192,47,747,208,54,0,2085,29,1075,146,29,0,1143,20,432,94,19,0,1468,69,367,172,31,0,3045,53,1552,188,65,0,801,7,509,40,11,0,1925,62,304,191,40,0
2020-04-09,12969,294,295,22,281,15,5240,728,1086,266,1001,1267,126287,5532,243,3,71,12,2,0,361,5,148,33,12,0,2151,42,646,208,55,0,2048,28,858,152,33,0,1129,20,361,90,21,0,1434,66,303,176,33,0,2931,46,1370,197,65,0,794,5,463,40,11,0,1878,58,292,188,35,0
2020-04-08,12675,343,273,30,266,16,4512,466,1096,267,1004,1271,120755,5520,242,3,60,13,4,0,341,4,132,35,12,0,2103,39,567,217,48,0,2008,23,819,125,31,0,1120,16,294,95,16,0,1396,60,262,166,29,0,2857,40,1237,215,59,0,784,5,403,43,11,0,1824,53,272,191,33,0
2020-04-07,12332,324,243,23,250,25,4046,583,1100,243,914,1157,115235,3939,232,3,47,11,6,0,329,4,120,34,12,0,2043,36,481,207,43,0,1974,22,720,135,29,0,1085,15,269,90,18,0,1352,56,183,155,30,0,2786,35,1076,200,59,0,760,5,303,43,11,0,1771,44,264,199,42,0
2020-04-06,12008,241,220,16,225,16,3463,465,1074,250,792,1042,111296,2880,228,3,44,12,6,0,319,4,97,35,13,0,1927,31,448,212,43,0,1953,20,653,136,32,0,1079,14,231,90,14,0,1312,53,169,138,28,0,2739,35,984,196,54,0,746,4,247,45,12,0,1705,40,125,192,42,0
2020-04-05,11767,224,204,18,209,17,2998,491,1056,244,773,1017,108416,4282,224,3,44,12,6,0,310,4,97,35,13,0,1863,31,448,212,43,0,1916,20,653,136,32,0,1068,14,231,90,14,0,1285,53,169,138,28,0,2690,35,984,196,54,0,722,4,247,45,12,0,1689,40,125,192,42,0
2020-04-04,11543,372,186,18,192,17,2507,485,1071,245,735,980,104134,5791,210,3,29,12,4,0,307,3,65,28,11,0,1831,28,340,203,43,0,1886,17,437,135,33,0,1057,12,136,73,14,0,1226,38,103,164,30,0,2633,29,631,209,55,0,715,4,183,51,12,0,1678,34,98,199,43,0
2020-04-03,11171,402,168,10,175,14,2022,273,1074,245,697,942,98343,6153,203,3,29,12,4,0,300,2,65,28,11,0,1775,28,340,203,43,0,1806,14,437,135,33,0,1033,12,136,73,14,0,1169,35,103,164,30,0,2568,28,631,209,55,0,697,5,183,51,12,0,1620,31,98,199,43,0
2020-04-02,10769,577,158,12,161,14,1749,313,1057,227,760,987,92190,36327,198,3,0,10,3,0,295,2,0,29,11,0,1717,28,2,200,36,0,1739,12,0,142,29,0,993,11,0,66,10,0,1137,34,0,165,27,0,2462,24,2,213,57,0,680,3,0,51,12,0,1548,29,5,195,30,0
2020-04-01,10192,558,146,18,147,11,1436,341,1071,215,809,1024,55863,3519,185,3,0,10,3,0,278,2,0,32,12,0,1637,28,2,223,32,0,1642,10,0,167,27,0,949,9,0,63,9,0,1063,30,0,149,24,0,2361,19,2,213,57,0,659,2,0,62,12,0,1418,25,5,191,22,0
2020-03-31,9634,821,128,20,136,14,1095,459,1110,198,0,1000,52344,2889,181,3,0,10,3,0,267,2,0,32,12,0,1551,28,2,223,32,0,1563,10,0,167,27,0,909,9,0,63,9,0,1000,30,0,149,24,0,2234,19,2,213,57,0,626,2,0,62,12,0,1303,25,5,191,22,0
2020-03-30,8813,522,108,22,122,19,636,157,999,193,0,1000,49455,3014,171,3,0,10,4,0,246,2,0,26,10,0,1386,28,2,167,26,0,1509,7,0,156,23,0,849,7,0,58,13,0,929,24,0,147,19,0,2001,13,2,198,50,0,606,1,0,49,13,0,1116,23,5,188,35,0
2020-03-29,8291,594,86,18,103,10,479,470,931,187,0,1000,46441,3691,153,3,0,10,4,0,223,2,0,22,9,0,1276,19,2,160,26,0,1402,7,0,138,22,0,793,4,0,53,12,0,873,19,0,142,24,0,1907,10,2,185,42,0,577,1,0,45,13,0,1087,21,5,176,35,0
2020-03-28,7697,735,68,10,93,15,9,0,744,135,0,1000,42750,3198,140,2,0,9,4,0,204,2,0,22,8,0,1163,13,2,127,18,0,1285,4,0,82,10,0,728,4,0,48,10,0,812,17,0,125,23,0,1801,9,2,166,38,0,535,1,0,36,10,0,1029,16,5,129,14,0
2020-03-27,6962,1044,58,9,78,15,9,0,702,110,0,1000,39552,3557,117,2,0,0,0,0,189,2,0,0,0,0,992,13,2,0,0,0,1162,4,0,0,0,0,680,1,0,0,0,0,742,13,0,0,0,0,1689,6,2,0,0,0,473,1,0,0,0,0,918,16,5,0,0,0
2020-03-26,5918,524,49,18,63,12,9,0,547,96,0,1000,35995,3588,89,2,0,0,0,0,168,2,0,0,0,0,799,12,2,0,0,0,1024,3,0,0,0,0,588,1,0,0,0,0,633,11,0,0,0,0,1460,4,2,0,0,0,422,0,0,0,0,0,735,14,5,0,0,0
2020-03-25,5394,901,31,3,51,9,9,0,227,26,0,1000,32407,4016,88,2,0,0,0,0,157,1,0,0,0,0,722,5,2,0,0,0,860,2,0,0,0,0,493,0,0,0,0,0,617,5,0,0,0,0,1361,4,2,0,0,0,404,0,0,0,0,0,692,12,5,0,0,0
2020-03-24,4493,569,28,7,42,8,9,0,161,17,0,1000,28391,4962,85,2,0,0,0,0,137,1,0,0,0,0,610,3,2,0,0,0,764,2,0,0,0,0,405,0,0,0,0,0,504,5,0,0,0,0,1072,4,2,0,0,0,354,0,0,0,0,0,562,11,5,0,0,0
2020-03-23,3924,680,21,5,34,10,9,0,112,16,0,1000,23429,2061,71,1,0,0,0,0,122,1,0,0,0,0,564,1,2,0,0,0,707,2,0,0,0,0,372,0,0,0,0,0,486,4,0,0,0,0,803,1,2,0,0,0,323,0,0,0,0,0,476,11,5,0,0,0
2020-03-22,3244,430,16,8,24,6,9,0,71,13,0,1000,21368,2823,63,1,0,0,0,0,105,1,0,0,0,0,446,1,2,0,0,0,628,2,0,0,0,0,269,0,0,0,0,0,423,4,0,0,0,0,644,0,2,0,0,0,263,0,0,0,0,0,403,7,5,0,0,0
2020-03-21,2814,426,8,2,18,1,9,0,71,13,0,1000,18545,2932,54,0,0,0,0,0,83,0,0,0,0,0,394,1,2,0,0,0,548,1,0,0,0,0,185,0,0,0,0,0,388,3,0,0,0,0,575,0,2,0,0,0,228,0,0,0,0,0,359,3,5,0,0,0
2020-03-20,2388,375,6,1,17,5,9,0,71,13,0,1000,15613,1889,33,0,0,0,0,0,71,0,0,0,0,0,355,0,2,0,0,0,421,1,0,0,0,0,167,0,0,0,0,0,340,3,0,0,0,0,508,0,2,0,0,0,197,0,0,0,0,0,296,2,5,0,0,0
2020-03-19,2013,367,5,1,12,3,9,0,66,12,0,1000,13724,1747,29,0,0,2,1,0,50,0,0,4,3,0,305,0,2,8,1,0,371,1,0,10,1,0,127,0,0,4,1,0,282,3,0,24,4,0,464,0,2,12,1,0,151,0,0,1,0,0,234,2,5,3,1,0
2020-03-18,1646,314,4,1,9,3,9,0,0,0,0,0,11977,1699,20,0,0,0,0,0,41,0,0,0,0,0,256,0,2,0,0,0,305,0,0,0,0,0,89,0,0,0,0,0,220,1,0,0,0,0,382,0,2,0,0,0,124,0,0,0,0,0,209,2,5,0,0,0
2020-03-17,1332,316,3,0,6,1,9,0,0,0,0,0,10278,1788,11,0,0,0,0,0,27,0,0,0,0,0,216,0,2,0,0,0,248,0,0,0,0,0,66,0,0,0,0,0,171,1,0,0,0,0,328,0,2,0,0,0,99,0,0,0,0,0,166,2,5,0,0,0
2020-03-16,1016,156,3,2,5,2,9,3,0,0,0,0,8490,323,10,0,0,0,0,0,18,0,0,0,0,0,152,0,1,0,0,0,202,0,0,0,0,0,58,0,0,0,0,0,139,1,0,0,0,0,254,0,2,0,0,0,55,0,0,0,0,0,128,2,3,0,0,0
2020-03-15,860,205,1,0,3,2,6,0,0,0,0,0,8167,700,10,0,0,0,0,0,6,0,0,0,0,0,111,0,1,0,0,0,159,0,0,0,0,0,39,0,0,0,0,0,111,0,0,0,0,0,254,0,2,0,0,0,48,0,0,0,0,0,122,1,3,0,0,0
2020-03-14,655,151,1,0,1,0,6,0,0,0,0,0,7467,885,10,0,0,0,0,0,5,0,0,0,0,0,82,0,1,0,0,0,116,0,0,0,0,0,30,0,0,0,0,0,71,0,0,0,0,0,206,0,2,0,0,0,34,0,0,0,0,0,101,1,3,0,0,0
2020-03-13,504,143,1,0,1,0,6,2,0,0,0,0,6582,713,7,0,0,0,0,0,4,0,0,0,0,0,63,0,1,0,0,0,84,0,0,0,0,0,23,0,0,0,0,0,52,0,0,0,0,0,167,0,2,0,0,0,22,0,0,0,0,0,82,1,3,0,0,0
2020-03-12,361,115,1,1,1,1,4,0,0,0,0,0,5869,507,6,0,0,0,0,0,3,0,0,0,0,0,51,0,0,0,0,0,58,0,0,0,0,0,19,0,0,0,0,0,33,0,0,0,0,0,109,0,2,0,0,0,16,0,0,0,0,0,66,1,2,0,0,0
2020-03-11,246,64,0,0,0,0,4,0,0,0,0,0,5362,336,4,0,0,0,0,0,3,0,0,0,0,0,45,0,0,0,0,0,35,0,0,0,0,0,14,0,0,0,0,0,25,0,0,0,0,0,57,0,0,0,0,0,13,0,0,0,0,0,50,0,0,0,0,0
2020-03-10,182,51,0,0,0,0,4,0,0,0,0,0,5026,0,4,0,0,0,0,0,1,0,0,0,0,0,40,0,0,0,0,0,22,0,0,0,0,0,12,0,0,0,0,0,17,0,0,0,0,0,32,0,0,0,0,0,11,0,0,0,0,0,43,0,0,0,0,0
2020-03-09,131,29,,,,,,,,,,,,,4,0,0,0,0,0,1,0,0,0,0,0,36,0,0,0,0,0,11,0,0,0,0,0,9,0,0,0,0,0,16,0,0,0,0,0,16,0,0,0,0,0,3,0,0,0,0,0,35,0,0,0,0,0
2020-03-08,102,23,,,,,,,,,,,,,4,0,0,0,0,0,1,0,0,0,0,0,31,0,0,0,0,0,7,0,0,0,0,0,8,0,0,0,0,0,10,0,0,0,0,0,8,0,0,0,0,0,1,0,0,0,0,0,32,0,0,0,0,0
2020-03-07,79,24,,,,,,,,,,,,,4,0,0,0,0,0,1,0,0,0,0,0,28,0,0,0,0,0,4,0,0,0,0,0,5,0,0,0,0,0,6,0,0,0,0,0,7,0,0,0,0,0,1,0,0,0,0,0,23,0,0,0,0,0
2020-03-06,55,14,,,,,,,,,,,,,0,0,0,0,0,0,1,0,0,0,0,0,15,0,0,0,0,0,1,0,0,0,0,0,5,0,0,0,0,0,5,0,0,0,0,0,4,0,0,0,0,0,1,0,0,0,0,0,23,0,0,0,0,0
2020-03-05,41,12,,,,,,,,,,,,,0,0,0,0,0,0,1,0,0,0,0,0,13,0,0,0,0,0,0,0,0,0,0,0,4,0,0,0,0,0,4,0,0,0,0,0,3,0,0,0,0,0,0,0,0,0,0,0,16,0,0,0,0,0
2020-03-04,29,11,,,,,,,,,,,,,0,0,0,0,0,0,0,0,0,0,0,0,5,0,0,0,0,0,0,0,0,0,0,0,3,0,0,0,0,0,4,0,0,0,0,0,2,0,0,0,0,0,0,0,0,0,0,0,15,0,0,0,0,0
2020-03-03,18,4,,,,,,,,,,,,,0,0,0,0,0,0,0,0,0,0,0,0,3,0,0,0,0,0,0,0,0,0,0,0,2,0,0,0,0,0,2,0,0,0,0,0,2,0,0,0,0,0,0,0,0,0,0,0,9,0,0,0,0,0
2020-03-02,14,4,,,,,,,,,,,,,0,0,0,0,0,0,0,0,0,0,0,0,2,0,0,0,0,0,0,0,0,0,0,0,1,0,0,0,0,0,1,0,0,0,0,0,2,0,0,0,0,0,0,0,0,0,0,0,8,0,0,0,0,0
2020-03-01,10,3,,,,,,,,,,,,,0,0,0,0,0,0,0,0,0,0,0,0,2,0,0,0,0,0,0,0,0,0,0,0,1,0,0,0,0,0,1,0,0,0,0,0,2,0,0,0,0,0,0,0,0,0,0,0,4,0,0,0,0,0
2020-02-29,7,2,,,,,,,,,,,,,0,0,0,0,0,0,0,0,0,0,0,0,0,0,0,0,0,0,0,0,0,0,0,0,0,0,0,0,0,0,1,0,0,0,0,0,2,0,0,0,0,0,0,0,0,0,0,0,4,0,0,0,0,0
2020-02-28,5,2,,,,,,,,,,,,,0,0,0,0,0,0,0,0,0,0,0,0,0,0,0,0,0,0,0,0,0,0,0,0,0,0,0,0,0,0,0,0,0,0,0,0,2,0,0,0,0,0,0,0,0,0,0,0,3,0,0,0,0,0
2020-02-27,3,1,,,,,,,,,,,,,0,0,0,0,0,0,0,0,0,0,0,0,0,0,0,0,0,0,0,0,0,0,0,0,0,0,0,0,0,0,0,0,0,0,0,0,2,0,0,0,0,0,0,0,0,0,0,0,1,0,0,0,0,0
2020-02-26,2,0,,,,,,,,,,,,,0,0,0,0,0,0,0,0,0,0,0,0,0,0,0,0,0,0,0,0,0,0,0,0,0,0,0,0,0,0,0,0,0,0,0,0,2,0,0,0,0,0,0,0,0,0,0,0,0,0,0,0,0,0
2020-02-25,2,2,,,,,,,,,,,,,0,0,0,0,0,0,0,0,0,0,0,0,0,0,0,0,0,0,0,0,0,0,0,0,0,0,0,0,0,0,0,0,0,0,0,0,2,0,0,0,0,0,0,0,0,0,0,0,0,0,0,0,0,0
